Top_RGB_R,Top_RGB_G,Top_RGB_B,Bot_RGB_R,Bot_RGB_G,Bot_RGB_B,Top_YUV_Y,Top_YUV_U,Top_YUV_V,Bot_YUV_Y,Bot_YUV_U,Bot_YUV_V,Top_HSV_H,Top_HSV_S,Top_HSV_V,Bot_HSV_H,Bot_HSV_S,Bot_HSV_V,Top_LAB_L,Top_LAB_A,Top_LAB_B,Bot_LAB_L,Bot_LAB_A,Bot_LAB_B,Top_hls_H,Top_hls_L,Top_hls_S,Bot_hls_H,Bot_hls_L,Bot_hls_S,Thickness
11.576,10.8832,8.1364,30.214,37.774,50.4468,10.8832,126.6404,128.6928,37.0204,134.658,122.1472,22.0556,77.1296,11.576,108.764,102.3824,50.4468,7.938,127.7256,129.5176,37.9392,128.6176,118.6128,22.0552,10.0796,48.2524,108.7624,40.566,64.2544,48.26666667
12.4712,12.6248,11.2136,25.9992,34.8912,43.0424,12.5096,127.3584,127.9616,33.1272,132.5536,121.858,23.5584,34.0868,12.7416,104.28,100.5756,43.0424,9.136,127.8464,128.9052,33.6496,126.7188,121.4292,23.5584,11.9808,19.2812,104.2764,34.6176,63.272,47.96666667
12.7704,12.7176,9.9168,31.3148,35.7876,41.826,12.5384,126.712,128.232,35.1444,130.8864,124.2544,29.7648,60.9592,12.9592,107.4632,64.022,41.8276,9.1536,127.7216,129.5456,35.5236,127.6692,123.3704,29.7648,11.5876,36.0004,107.4464,36.5932,36.9364,48.16666667
11.2308,11.4564,8.854,24.8812,32.4324,39.4952,11.1748,126.9128,128.056,31.0332,131.8252,122.6152,26.6792,61.8904,11.6148,104.4248,93.9192,39.5104,8.1944,127.6992,129.3244,30.69,126.8772,122.194,26.6792,10.3208,38.6628,104.4104,32.3344,58.2892,48.6
5.4696,3.212,1.4352,26.0116,32.542,38.0564,3.6852,126.94,129.7764,31.2852,130.9216,123.1944,30.2408,205.4796,5.586,104.3064,80.3884,38.0564,2.1696,128.2872,129.1704,30.9328,126.7972,123.3564,30.1924,3.4992,183.6056,104.3064,32.1788,48.6532,59.53333333
5.7508,5.2796,0.882,26.9032,33.372,36.5628,4.9116,126.1624,128.8264,31.8604,130.0864,123.3948,29.3668,224.3508,6.4204,100.3004,67.9172,36.5628,3.5316,127.3152,129.9592,31.7468,126.0056,124.9988,29.3284,3.6656,206.784,100.3004,31.836,39.7044,59.76666667
10.8848,4.1844,1.0452,30.1068,32.702,37.174,5.8484,125.9224,132.4684,32.502,130.0048,125.6192,9.982,232.9496,10.8848,109.7536,49.0108,37.174,3.5832,129.5328,130.1052,31.9392,128.0504,124.5304,9.9576,6.0832,217.5732,109.7536,33.6864,27.2264,59.8
3.0396,5.3108,1.5084,19.99,33.028,39.2096,4.2156,126.7416,126.8344,29.7516,132.2948,119.3828,46.8728,194.0972,5.362,99.6652,124.8692,39.2124,3.122,126.5984,129.616,30.298,124.4424,122.0804,46.864,3.51,172.0904,99.6636,29.7936,84.0032,60.1
2.5236,1.8392,1.8368,24.9024,32.504,37.3152,2.0308,127.9568,128.4928,30.8064,130.7792,122.7248,43.2324,142.5788,2.9608,101.9344,84.8172,37.3232,1.2272,128.2736,128.1064,30.5612,126.1228,123.6576,43.2324,2.052,131.0476,101.9312,31.3176,51.5608,68.26666667
1.3556,1.3124,3.3556,21.3072,32.9112,36.7828,1.442,128.9536,127.9136,29.8932,131.0384,120.488,101.1688,167.4976,3.4836,97.15,106.6544,36.8032,0.9292,128.404,127.056,30.1888,124.3344,123.8072,101.1688,2.2044,144.408,97.1424,29.2588,69.9384,68.83333333
1.7948,2.0072,2.3912,24.024,32.4352,38.8336,1.9164,128.2432,127.8784,30.7264,131.5632,122.2632,37.6372,59.5348,2.5128,102.9288,97.3996,38.8336,1.278,127.8336,127.8304,30.4864,126.3296,122.5512,37.6372,2.1352,47.88,102.9288,31.5932,60.676,68.2
1.1636,0.9488,3.1012,18.4612,25.3244,29.7804,1.1508,128.9744,128.0128,23.8892,130.5456,123.0704,93.5968,150.3608,3.1092,102.6848,97.6356,29.7912,0.7312,128.396,127.0164,21.6316,126.142,123.9828,93.5968,1.9752,129.9056,102.6816,24.2756,62.0684,69.7
1.1956,1.5924,9.3636,24.574,30.5144,38.1308,2.2104,131.1112,126.9852,29.6876,131.8096,123.5008,117.9144,226.1744,9.3636,106.362,90.1864,38.1308,1.3148,129.3504,124.9636,28.65,127.7608,121.9088,117.9128,5.258,205.5068,106.342,31.5468,55.4948,79.1
1.6868,1.3368,13.4116,23.5976,30.868,39.904,2.7272,133.0172,126.9596,29.718,132.742,122.592,120.7464,234.3404,13.4116,106.592,103.7464,39.904,1.5968,129.7312,123.2704,28.9676,127.7028,120.7964,120.7208,7.3096,218.702,106.5564,31.9272,66.0132,80.03333333
1.3988,1.7124,13.3836,24.9648,31.9616,43.8504,2.7692,132.8812,126.6296,31.2584,134.1408,122.4648,119.3064,231.4808,13.3836,109.1856,109.8996,43.8504,1.7512,129.5664,123.3556,30.7928,128.6436,119.0036,119.2784,7.3456,213.8808,109.1464,34.4664,70.8568,79.0
0.392,2.8692,8.4112,22.6112,33.0688,36.5712,2.852,130.3732,125.54,30.304,130.6656,121.2896,110.5904,243.7836,8.4188,97.4256,97.5928,36.5712,1.7636,128.3504,125.8068,30.5508,124.5276,124.1916,110.5556,4.4832,235.9736,97.4256,29.8152,60.8908,81.46666667
0.7992,10.4884,27.7504,26.6264,31.8296,35.3736,9.5268,136.866,120.2724,30.7656,129.968,124.1088,109.048,248.0936,27.7504,101.8656,63.9308,35.4392,7.5844,129.292,117.0856,30.1208,126.7088,124.854,109.048,14.348,241.964,101.8464,31.202,36.788,92.4
1.554,8.2464,34.304,25.0872,31.3104,41.3928,9.1952,140.1196,121.3588,30.608,133.0844,123.034,113.8448,243.9688,34.304,109.2464,99.9344,41.3928,7.2752,132.932,111.7728,29.942,128.402,120.3256,113.8424,17.948,234.4284,109.1664,33.2884,63.63,92.83333333
1.1472,10.4164,29.5204,26.3628,30.8312,36.5604,9.8768,137.4144,120.2704,30.1872,130.7564,124.352,110.102,245.4196,29.5204,106.7768,71.3696,36.5664,7.6196,129.9704,115.7596,29.166,127.7876,123.4036,110.102,15.5248,237.0648,106.7216,31.6536,41.8816,93.53333333
0.6812,9.8948,32.0936,26.2156,33.0196,41.4724,9.6908,138.806,119.992,32.014,132.3888,122.8696,111.0868,249.8096,32.0936,106.66,93.8324,41.4724,7.742,131.0064,113.7232,31.7416,127.576,121.3536,111.082,16.5264,245.1008,106.6296,33.9316,58.1076,93.5
0.6308,3.4824,15.9376,27.0144,32.4624,38.5536,3.964,133.7856,124.6668,31.6432,131.0048,123.7184,114.3308,245.6516,15.9376,105.8944,76.126,38.5536,2.3576,129.3216,122.534,31.1456,127.368,123.0912,114.1144,8.3456,237.8884,105.8608,32.9008,45.278,81.5
0.6296,2.6988,16.2232,25.1984,31.5788,39.1692,3.582,134.2452,125.0476,30.4596,131.8932,123.2728,115.872,245.9132,16.2232,106.492,90.14,39.1712,2.0232,129.4024,122.1132,29.9052,127.6032,121.918,115.6944,8.4676,238.284,106.4904,32.268,55.8072,81.83333333
0.3872,2.014,13.7296,22.78,30.2072,39.4408,2.8168,133.062,125.5704,29.0376,132.864,122.5504,116.414,248.4,13.7296,106.6048,107.7544,39.4408,1.5196,129.48,123.1064,28.1412,127.6396,120.6228,116.3032,7.1528,243.094,106.5616,31.2936,68.9632,81.73333333
0.7584,2.8372,19.438,29.59,35.3448,40.2416,4.0908,135.6312,124.6676,34.1936,130.5504,123.7088,116.5832,245.7584,19.438,103.6572,67.8376,40.248,2.4832,129.748,120.58,34.5088,126.8788,123.9452,116.5784,10.13,237.9048,103.6572,34.978,39.3452,80.66666667
0.5436,1.92,8.064,22.918,33.0456,41.2664,2.0948,130.5804,126.4488,30.8532,132.8628,121.0568,114.3004,238.3952,8.0716,103.1664,112.9236,41.2664,1.2316,129.1152,125.5692,31.0356,126.2492,121.08,114.2844,4.2556,226.32,103.1664,32.2016,73.2404,74.76666667
0.9648,1.03,9.3264,24.5912,32.3688,43.3064,1.9616,131.2072,127.0032,31.2424,133.8064,122.1808,119.6136,230.4968,9.3264,107.5968,110.388,43.3064,0.8752,129.836,124.8368,30.99,128.0908,119.5856,119.6136,5.1416,212.19,107.5584,34.0072,70.9736,75.03333333
1.5596,1.0136,9.692,28.2184,36.696,44.702,2.1484,131.3376,127.4112,35.0424,132.3944,122.12,118.0312,226.0476,9.692,104.4416,94.0892,44.702,1.09,129.8192,124.682,35.9224,126.716,121.4952,118.0288,5.3352,208.68,104.44,36.5388,57.9376,75.53333333
4.5936,0.7468,13.0112,31.0188,34.606,43.8816,3.1724,132.4584,129.3796,34.5804,132.238,124.4992,129.1612,241.29,13.0128,111.4644,74.6796,43.8828,1.712,130.6192,123.5436,34.5532,128.978,121.1884,129.1524,7.1788,230.5052,111.0536,37.4824,43.906,75.63333333
9.702,2.3688,0.6204,33.054,36.5404,41.0428,4.3824,126.3268,132.742,36.102,130.1616,125.0048,7.5792,240.1688,9.702,107.104,49.698,41.0556,2.3112,129.9376,129.7584,36.5632,127.6352,124.5684,7.5592,5.2588,229.4892,107.0784,37.0772,27.7104,61.36666667
4.1532,3.1884,0.6432,28.0056,33.9104,36.8248,3.234,126.8324,128.9192,32.5432,130.0112,123.8608,25.7316,221.996,4.4044,100.3728,61.6472,36.8432,2.0744,127.9088,129.4676,32.554,126.0744,125.2756,25.6956,2.524,207.3364,100.3728,32.4824,35.5216,61.53333333
5.398,1.7188,0.718,27.142,31.974,38.358,2.6588,127.1376,130.6736,31.2556,131.1088,124.0064,13.0112,227.922,5.398,106.4624,74.3752,38.358,1.5796,128.7368,129.0248,30.5744,127.8172,122.9168,13.0032,3.0584,211.8972,106.4448,32.8852,43.8008,61.8
5.7636,1.9512,1.2416,25.6052,33.8948,41.1668,2.9672,127.2124,130.732,32.2932,131.9424,122.2896,45.6344,212.1256,5.7636,103.984,96.6772,41.1668,1.66,128.9208,128.8384,32.3532,126.7556,121.9848,45.5184,3.4144,190.1504,103.984,33.4728,59.9512,61.86666667
3.4792,0.4404,5.9624,23.4844,35.1396,45.8564,1.9788,129.7928,129.4972,32.8004,134.4096,119.7228,137.0652,238.5592,6.1336,104.1612,124.7164,45.8564,1.012,129.52,126.1348,33.6992,126.4708,119.2936,137.0524,3.2472,227.466,104.1612,34.724,82.9068,63.5
5.9956,0.6856,2.2932,30.9168,36.5712,46.0636,2.4044,127.9536,131.2732,36.0592,132.616,123.4464,118.4496,228.624,6.2396,108.6816,83.6932,46.0636,1.1384,129.9632,127.8068,36.58,128.2196,120.9584,118.2984,3.3388,216.1748,108.6432,38.5756,50.3056,64.9
3.4384,0.5824,2.3348,26.3172,35.0044,44.8076,1.62,128.3676,129.7992,33.4056,133.3736,121.7456,137.7804,218.6252,3.872,106.074,105.146,44.8076,0.772,129.2784,127.3224,34.0136,127.2772,120.312,137.6472,2.1272,202.3104,106.0708,35.622,66.7424,63.5
0.5644,4.0724,12.962,25.468,39.8484,45.3336,4.0616,132.0024,124.5424,36.1312,132.1552,118.5736,111.4572,244.3072,12.962,98.0544,111.9472,45.348,2.474,128.5376,124.2284,38.3232,123.672,122.4236,111.3496,6.93,235.79,98.0528,35.5248,72.3596,77.03333333
0.5324,2.8964,18.03,26.468,33.4432,40.0492,3.9268,134.9808,124.6072,32.1932,131.4896,122.904,115.7724,248.3312,18.03,104.5404,86.4352,40.058,2.2576,129.7896,121.2832,32.0768,126.9372,122.5736,115.6052,9.3444,242.624,104.5316,33.3868,52.6712,78.53333333
1.1104,1.0384,14.4232,25.0324,34.3956,47.5524,2.4516,133.8208,126.6588,33.082,135.0944,120.9376,120.0656,243.9956,14.4232,107.536,120.4384,47.5524,1.4232,130.0504,122.6328,33.4772,128.2464,117.9388,120.0656,7.618,235.134,107.536,36.3724,79.5532,77.2
0.7856,3.5964,15.9688,27.2624,34.6464,39.9856,4.1644,133.6252,124.6244,33.1216,130.9952,122.936,114.5892,243.3232,15.9688,102.272,81.32,40.0144,2.314,129.7416,122.4704,33.3248,126.3392,123.4348,114.43,8.4572,233.6416,102.272,33.7268,48.6796,77.13333333
0.7084,6.6864,22.0456,22.452,25.5768,28.8948,6.7708,135.578,122.8944,24.9512,129.7916,125.6896,111.6044,247.4548,22.0456,105.1572,59.0548,29.0004,5.1584,129.4184,119.8604,22.5864,127.8472,125.252,111.5892,11.4584,241.0012,105.1536,25.9992,34.4708,87.6
1.1508,9.4676,26.1556,26.754,31.6308,36.146,8.8368,136.5036,121.314,30.706,130.3008,124.1392,110.0396,244.5616,26.1556,104.1152,66.4252,36.146,6.9732,129.34,117.872,29.972,127.3128,124.17,110.0356,13.7908,235.5476,104.1088,31.688,38.3,87.76666667
1.1376,7.5392,28.632,26.5592,31.0632,41.6664,8.0288,137.9192,122.1032,31.0056,133.04,123.8576,113.0112,245.7196,28.632,111.4688,92.2924,41.6664,6.1584,130.9528,115.4252,30.052,129.1344,120.168,112.9884,15.002,237.6168,111.368,34.1516,56.936,87.06666667
1.0344,9.6852,25.562,21.1772,29.5392,37.1536,8.8464,136.192,121.188,27.8692,132.3,122.144,109.394,245.2696,25.562,104.0504,109.2328,37.1592,6.9772,129.0288,118.336,26.9876,126.6564,121.622,109.3924,13.4176,236.6588,104.0332,29.308,70.4884,88.56666667
1.9136,19.7884,41.792,23.9832,32.476,40.3904,16.8636,140.0604,115.0432,30.7336,132.3888,122.1388,106.5928,243.8552,41.792,104.4952,103.612,40.3904,15.4828,130.2944,110.9796,30.5908,126.8468,121.4912,106.3144,21.8544,234.3048,104.4916,32.2276,65.5568,101.8333333
1.752,17.9152,41.1004,24.308,29.8556,38.8476,15.7128,140.284,116.0068,29.2248,132.3488,123.5376,107.7824,244.616,41.1004,108.806,95.1712,38.8476,13.7896,131.0464,110.5412,28.0156,128.3448,120.9288,107.684,21.4552,235.542,108.7864,31.8012,59.0544,101.4666667
1.9688,19.7944,43.7616,27.4624,32.894,42.1064,17.138,141.0336,114.8296,32.338,132.5152,123.5872,107.2156,243.9628,43.7616,109.1176,88.4724,42.1064,15.724,131.5172,109.6132,31.9944,128.3736,121.0192,106.9768,22.952,234.4944,109.036,34.8364,54.3104,101.4333333
1.518,22.898,40.9052,26.2336,34.1024,37.6096,18.6048,138.6908,112.9228,32.2192,130.2608,122.8512,103.544,245.7236,40.9052,99.192,77.4596,37.6096,17.8752,127.3616,113.3112,32.4044,125.4876,124.5944,103.5376,21.2108,237.7012,99.192,32.0432,45.8968,102.2666667
0.722,1.9708,11.2924,24.36,34.6912,43.382,2.5464,131.9152,126.1756,32.5712,133.0784,120.7504,116.7536,239.0668,11.2924,103.7464,111.6516,43.382,1.3556,129.5472,124.1356,33.1608,126.3448,120.7768,116.608,6.0992,227.404,103.7208,33.9568,72.348,73.23333333
1.0504,2.368,13.6616,26.1528,32.0764,38.2248,3.2484,132.87,125.802,31.0152,131.2288,123.6336,116.9596,238.0348,13.6616,105.0552,80.2704,38.2528,1.6812,129.5272,123.2248,30.5164,127.248,123.0484,116.8752,7.3572,225.6592,105.0444,32.3116,48.3588,73.86666667
1.5936,1.1004,15.7688,28.098,35.3156,46.4836,2.7928,134.3928,126.8008,34.4164,133.8432,122.5232,120.9976,241.1444,15.7688,108.5456,100.4936,46.4836,1.7048,130.1352,122.1852,34.7984,128.2856,119.5024,120.9968,8.3348,229.9128,108.5296,37.4196,63.0728,73.13333333
0.3124,2.3808,14.5448,25.0412,30.938,40.9368,3.138,133.4196,125.1744,30.3148,132.9404,123.3104,115.674,249.9304,14.5448,108.8928,99.4192,40.9384,1.6176,129.6024,122.8096,29.456,128.5264,120.3596,115.4604,7.5264,245.7128,108.758,33.0872,62.0652,73.76666667
0.828,12.3268,26.4756,24.218,34.178,40.4564,10.4892,135.9256,119.3388,31.9076,131.8448,121.3048,106.4684,247.634,26.4756,101.2232,101.9888,40.458,8.3068,128.26,118.6124,32.3056,125.676,122.4316,106.4684,13.754,241.072,101.2232,32.4768,64.4916,84.5
1.0668,9.6164,29.7984,24.7864,33.4264,45.7512,9.342,137.8908,120.7248,32.1944,134.6624,121.568,111.002,246.3024,29.7984,107.6528,116.9,45.7512,7.3812,130.4176,115.2668,32.2952,128.1524,118.5556,110.9988,15.57,238.482,107.64,35.3372,76.316,82.73333333
0.768,11.894,28.686,27.4572,34.1228,40.5748,10.4204,136.9084,119.3476,32.9076,131.3616,123.172,108.0108,248.5556,28.686,104.9248,82.71,40.5748,8.3616,129.048,116.9048,32.9804,126.9492,122.7828,108.0096,14.8204,242.8656,104.8976,34.1372,49.7924,84.53333333
1.058,9.1792,27.7192,24.3668,34.4404,39.188,8.8108,137.172,121.2472,31.9368,131.1936,121.3632,110.7688,245.6404,27.7192,99.6404,95.8892,39.2012,6.976,130.0088,116.6576,32.4904,125.0568,123.4608,110.7468,14.5496,237.2328,99.6404,31.9536,60.032,83.06666667
3.7048,22.0776,43.6468,29.6216,33.4984,39.6648,18.9504,139.9568,114.7532,33.0824,130.8288,124.6544,106.0996,234.01,43.6468,108.5616,64.3856,39.6648,17.9028,130.0992,111.166,32.7896,128.0436,123.2852,106.0316,23.7248,217.4036,108.5088,34.6844,37.242,96.63333333
1.874,19.4712,38.0512,27.894,32.2908,36.0188,16.2936,138.4308,115.562,31.4268,130.0784,124.6016,105.3176,242.8604,38.0512,104.3552,58.12,36.0188,14.4988,128.9892,113.182,30.8668,127.1552,124.8204,105.2712,19.9476,232.6984,104.3552,32.0584,32.9548,95.93333333
1.1564,21.1696,44.3916,24.3716,32.7112,42.2176,17.8788,140.8564,113.2776,31.2992,133.1424,122.0376,105.9832,248.4728,44.3916,105.8364,107.7232,42.2176,16.8924,130.1524,109.9368,31.1124,127.392,120.4956,105.9804,22.8228,242.7204,105.8244,33.3684,68.8436,97.46666667
2.0388,23.2488,46.7296,27.1304,35.376,45.12,19.6136,141.2236,112.4224,34.0032,133.2352,122.0028,105.6924,244.284,46.7296,106.3848,102.104,45.1224,19.2832,130.182,109.6592,34.51,127.4236,120.358,105.6924,24.4688,235.358,106.3584,36.1996,64.1892,97.93333333
15.9272,29.3308,41.406,25.8844,33.5344,44.4808,26.6952,135.298,118.4024,32.5948,133.8508,122.1696,104.1544,157.1444,41.406,107.8456,106.8816,44.4808,26.392,126.5892,118.0832,32.546,127.9676,119.5952,104.156,28.8744,114.4784,107.7888,35.222,68.044,111.9
13.0748,28.3204,43.1128,24.8344,32.7096,42.2472,25.4196,136.7956,117.1736,31.404,133.0416,122.4032,104.9644,178.6332,43.1128,106.464,105.2816,42.2472,25.1976,127.2224,116.0532,31.1832,127.6612,120.4924,104.9644,28.2504,139.0836,106.4608,33.6108,66.6556,109.4333333
7.6288,29.198,45.6784,23.2436,34.0128,42.4332,24.638,138.1108,113.0088,31.6896,133.064,120.604,102.9424,213.5912,45.6784,103.2488,115.2612,42.4332,25.6664,126.3052,114.3928,32.112,126.16,120.8648,102.9404,26.7208,185.6724,103.2488,32.9504,75.3452,109.3
12.782,31.4908,43.798,29.9544,35.6312,40.9688,27.254,136.142,115.4788,34.5608,130.7424,123.7232,101.7788,181.4076,43.7996,104.2976,68.3316,40.9688,28.2424,125.1804,117.4632,34.9848,126.9956,123.7272,101.7844,28.4176,141.8076,104.2832,35.5104,39.8368,111.5333333
1.3364,15.7688,34.0468,29.048,33.756,39.74,13.5472,137.7928,117.328,33.08,130.858,124.1536,106.796,245.5428,34.0468,106.8192,68.6836,39.74,11.2952,128.6424,114.442,32.8984,127.6256,123.2712,106.8172,17.7024,237.612,106.8172,34.4456,39.9496,77.8
1.3596,19.1972,39.4032,24.5464,35.2168,43.8456,16.1696,139.2048,115.1692,32.8744,133.1408,120.7268,105.884,246.4588,39.4032,103.316,112.27,43.8456,14.552,129.386,112.2184,33.7196,126.1752,120.8516,105.7836,20.406,239.1192,103.316,34.2632,72.636,80.3
1.1728,14.6336,29.0144,22.9144,32.7368,39.1644,12.1608,136.3032,118.086,30.4568,131.8736,121.392,105.3428,245.2188,29.0144,101.96,105.9288,39.1644,9.9056,127.9688,117.5548,30.5184,125.7836,122.3188,105.3428,15.3272,236.6204,101.96,31.2416,67.3988,75.9
0.9384,16.5468,31.0332,29.424,34.16,37.7568,13.562,136.5788,117.044,33.1936,129.9984,124.3968,104.4416,247.7732,31.0332,103.3248,56.9048,37.7648,11.1636,127.4216,116.8304,33.1744,126.908,124.9652,104.436,16.158,241.486,103.3248,33.6648,32.1504,77.73333333
11.1108,34.1052,43.6012,32.5408,38.112,40.664,28.3284,135.5836,112.874,36.7808,129.792,124.0224,98.7556,190.9608,43.6012,98.6672,50.8432,40.7096,30.588,122.752,119.0016,37.7656,126.0724,125.6136,98.7996,27.4464,154.466,98.6672,36.6484,28.618,100.0666667
8.3212,27.4956,42.2456,30.3872,35.088,41.8704,23.502,137.0556,114.8136,34.5568,131.1584,124.0496,103.0568,205.7884,42.2456,107.8112,70.008,41.8704,23.6376,126.1036,115.7392,34.7288,127.724,122.8532,103.058,25.3548,174.7592,107.8112,36.1652,40.8048,93.93333333
7.5512,27.572,41.8904,27.678,33.492,43.3312,23.2924,136.9336,114.2516,32.9068,132.816,123.3248,102.6944,210.0956,41.8904,108.95,92.166,43.3312,23.5676,125.6188,115.9536,32.6656,128.4008,120.4972,102.6944,24.7692,180.3384,108.9088,35.5996,56.554,96.16666667
7.2892,26.3648,40.5088,22.694,32.3628,42.8564,22.336,136.8024,114.9452,30.6244,133.9336,121.0764,102.858,209.868,40.5088,105.4712,119.9856,42.8564,22.1128,125.8148,116.0864,30.5132,127.1972,119.568,102.858,23.9424,179.752,105.4696,32.8636,78.9864,95.9
24.0924,32.7704,22.808,29.1896,34.428,43.7184,29.062,125.2504,123.5112,34.0456,132.5236,123.648,55.9556,80.8104,32.7704,109.0224,84.2772,43.7184,29.3896,121.3916,133.4436,33.9956,128.346,121.0116,55.954,27.9264,48.9752,108.9528,36.482,50.868,124.4333333
29.9664,32.3504,29.6848,31.5568,34.5616,38.8192,31.2224,127.232,126.744,34.2368,129.9792,125.32,57.9472,24.1904,32.3536,107.296,47.816,38.8448,30.7604,126.418,129.548,34.2144,127.7412,124.7392,57.9472,31.0716,12.6772,107.2688,35.2248,26.4552,117.7
22.574,29.3876,26.6672,28.6364,32.6204,35.7852,27.086,127.8004,123.84,31.7708,129.8624,124.8752,76.1812,59.9144,29.426,103.1568,51.2268,35.798,26.0176,124.264,128.922,31.2988,127.2064,125.2616,76.1196,26.164,34.5668,103.144,32.3792,28.4856,115.4666667
23.7772,32.4716,25.6572,24.822,34.7424,46.4296,29.1324,126.3696,123.0992,33.0644,134.5768,120.8092,65.928,68.8728,32.4716,106.2372,118.934,46.4296,29.1856,122.2556,131.2852,33.6316,127.5488,118.814,65.928,28.324,40.8536,106.2372,35.7776,78.0476,120.0666667
30.558,29.422,5.3312,26.238,33.1812,43.4556,27.0152,117.498,131.3248,32.318,133.3456,122.6968,28.9536,211.8584,31.04,107.9016,100.6792,43.4556,26.8492,124.418,141.2776,32.1096,128.1584,120.094,28.9224,18.254,187.0248,107.8576,34.9392,63.23,153.3
27.9196,27.846,1.5476,26.2356,35.1156,42.2936,24.8568,116.7428,130.9956,33.338,132.0672,121.8192,29.9916,242.1376,28.4428,103.4656,96.6052,42.2936,24.3436,123.5624,141.33,33.8356,126.3768,121.9944,29.9612,15.1212,231.9068,103.454,34.372,60.6016,161.1
30.5496,29.8452,6.2128,28.9188,31.6692,37.8868,27.3692,117.8368,131.0568,31.5124,130.8768,125.424,29.4648,205.7768,31.2292,110.6352,59.6668,37.8868,27.2536,124.2212,141.1644,30.6592,128.6864,123.352,29.396,18.7756,176.496,110.5568,33.5124,34.1532,141.1
25.3924,28.1396,7.8916,23.4248,33.9796,42.01,25.06,119.6632,128.3464,31.6596,132.8308,120.7524,34.5376,184.8032,28.286,102.8204,112.5232,42.01,24.3524,122.7552,138.7212,32.132,125.9764,121.1688,34.4076,18.19,151.3104,102.8076,32.826,72.9424,150.0666667
0.6308,2.1096,13.12,28.696,36.2576,44.6756,2.8872,132.6732,125.7436,34.9408,132.4428,122.6352,116.5084,243.9472,13.12,105.762,91.0996,44.6756,1.5668,129.54,123.4728,35.6092,127.2932,121.3988,116.376,6.9384,235.2344,105.75,36.7972,55.7632,69.53333333
1.088,2.2964,10.6116,29.6676,35.334,40.4796,2.8232,131.4648,126.2648,34.3172,130.7952,123.6416,116.1124,229.4204,10.6116,103.7888,67.1164,40.4796,1.582,129.3032,124.6764,34.6076,126.918,123.8528,116.03,5.8248,211.5888,103.7888,35.108,39.1616,69.43333333
0.6036,2.8096,10.6688,24.9388,35.7004,43.0252,3.0092,131.3824,125.5944,33.1804,132.4832,120.7696,113.498,241.3848,10.6688,101.9296,107.3272,43.0252,1.74,128.8992,124.7964,34.1232,125.6652,121.6548,113.3396,5.6732,231.2888,101.9296,34.1072,68.266,68.7
0.876,2.5708,11.702,30.146,34.6616,40.3756,3.028,131.8824,125.848,34.034,130.7692,124.3236,115.5984,235.866,11.702,106.5008,63.8592,40.3772,1.6284,129.3752,124.128,34.0984,127.5584,123.576,115.324,6.3228,222.3844,106.4472,35.3152,36.812,69.86666667
0.818,11.3728,28.2392,25.87,36.9468,44.2352,10.1256,136.8216,119.6924,34.4184,132.5084,120.446,108.3612,248.0536,28.2392,101.6688,105.8928,44.2352,8.0404,129.0768,117.0248,35.6428,125.4864,121.676,108.3604,14.6664,241.8944,101.6688,35.148,67.3244,82.16666667
1.0772,11.0168,30.7372,30.2268,37.3768,43.2056,10.2304,137.9384,119.8468,36.0244,131.1724,122.8792,109.9724,246.5192,30.7372,103.4588,76.036,43.2148,8.1008,130.5352,114.986,36.8508,126.5784,123.1868,109.972,15.9988,238.8776,103.4588,36.7924,45.3032,83.43333333
0.6724,8.0004,23.5016,28.41,34.5092,41.4196,7.5656,135.8524,122.1048,33.5604,131.4912,123.3072,110.3688,248.338,23.5016,105.5792,79.4812,41.4196,5.9788,129.0312,119.2884,33.6364,127.3736,122.5272,110.3404,12.2488,242.5964,105.5792,34.9876,47.6184,82.16666667
1.2396,10.2388,27.1076,35.3404,36.7548,41.1164,9.5028,136.6,120.7352,36.7276,129.98,126.6128,109.6756,243.8476,27.1076,112.8512,36.3928,41.1196,7.4416,129.1408,117.504,37.1888,128.4264,124.848,109.6712,14.3504,234.466,112.8496,38.1848,19.71,84.33333333
4.7636,22.9296,46.424,33.2044,35.9084,41.9388,20.1312,140.8628,114.6016,35.7692,130.6816,125.4352,106.9796,229.1292,46.424,111.0544,52.7856,41.9388,19.4124,130.7948,110.0424,36.0664,128.3664,123.5536,106.9936,25.7232,209.532,110.9072,37.5916,29.7188,96.26666667
1.2604,22.2192,42.704,20.7724,34.7188,41.8108,18.3204,139.7504,112.9468,31.338,132.8848,118.696,104.8036,247.7568,42.704,100.3084,128.6768,41.8124,17.5348,128.716,111.7616,32.3152,124.4752,121.362,104.7784,22.022,241.36,100.3068,31.4552,87.1928,96.1
2.4548,21.6936,45.4504,31.3912,35.5616,43.4832,18.6628,141.0188,113.7916,35.2776,131.6792,124.2208,106.4292,241.6656,45.4504,109.3088,70.6604,43.484,17.7104,130.7276,109.6144,35.4936,128.3628,122.136,106.3832,24.0132,230.416,109.228,37.506,41.3288,96.56666667
2.2352,22.3316,38.498,26.7008,32.4852,37.0,18.256,137.768,113.9772,31.3264,130.4816,123.7076,103.244,240.5608,38.498,103.0592,70.8464,37.0016,17.1528,126.9012,114.6372,30.8796,126.8044,124.1296,103.232,20.348,228.8196,103.0592,31.9812,41.6428,96.8
3.9912,30.4104,41.6132,18.618,34.3252,42.3732,23.8328,136.7464,110.5812,30.6004,133.744,117.604,98.7912,231.3468,41.6132,100.3824,143.696,42.3732,25.7772,122.6868,117.5268,31.666,124.21,120.5368,98.8236,22.8104,213.288,100.3824,30.7056,101.3436,110.5
12.6388,31.7984,42.9616,27.814,35.5756,43.252,27.3472,135.768,115.2696,34.1564,132.1524,122.4752,101.1112,180.5268,42.9616,104.7168,90.648,43.254,28.3912,124.5768,118.144,34.6584,127.0252,121.8152,101.1112,27.9024,140.658,104.7088,35.6068,55.686,111.3333333
13.442,27.9116,43.4032,27.564,32.0644,41.6168,25.3188,136.7664,117.5632,31.8744,132.5124,124.056,105.416,176.0228,43.4032,110.4624,85.988,41.6168,24.9276,127.8264,115.6972,31.1532,128.8428,120.8932,105.4032,28.5108,135.688,110.36,34.6628,52.2072,109.7333333
8.906,28.8968,41.2668,23.2912,32.5472,41.1484,24.3192,136.4196,114.5868,30.72,132.9104,121.4864,101.496,200.8072,41.2668,104.5148,110.906,41.166,24.8376,124.9324,117.2412,30.638,126.7368,120.9064,101.496,25.132,166.766,104.4936,32.3072,71.7176,111.4
7.6776,0.8612,1.6176,32.5484,35.414,40.1836,2.9796,127.3964,132.2216,35.1004,130.16,125.4736,63.614,237.8004,7.7048,109.1584,48.9232,40.1836,1.5552,130.0136,128.5228,35.2704,128.02,124.4068,63.5764,4.134,225.996,109.136,36.3884,27.2028,62.36666667
3.4788,1.5876,0.738,26.9852,37.1452,40.1268,2.0028,127.4664,129.476,34.3796,130.4,121.5048,25.416,193.3708,3.4844,97.0192,83.9932,40.1428,1.1652,128.5504,128.646,35.6872,124.332,124.6824,25.416,2.0496,181.1948,97.0192,33.6192,50.814,63.16666667
2.4352,1.6424,0.7988,24.7944,36.5008,44.0748,1.732,127.596,128.7032,33.842,132.6764,119.9756,22.5684,159.38,2.4352,101.746,111.7756,44.0748,1.0388,128.1272,128.4716,35.0636,125.3644,121.4316,22.5684,1.6176,151.3384,101.7384,34.5436,72.2244,63.16666667
3.5068,2.006,0.5164,25.5668,34.7188,40.2132,2.222,127.2772,129.2848,32.53,131.3744,121.984,17.702,227.4964,3.5356,100.9072,92.5696,40.2132,1.3568,128.292,128.9604,33.0508,125.6428,123.1032,17.702,2.0116,213.9352,100.9072,32.9624,57.2348,63.6
0.6416,1.6152,8.7968,23.4192,35.4424,42.2752,2.0376,130.9024,126.604,32.5944,132.3744,119.8392,116.4984,237.0152,8.7968,100.5464,113.71,42.2752,1.076,129.5136,125.2016,33.6032,124.9944,121.8224,116.4712,4.6896,223.7224,100.5464,32.9884,73.6872,75.2
1.8008,0.5536,10.748,25.9004,34.476,44.194,2.0288,131.8836,127.772,32.9372,133.3356,121.9248,123.5428,242.3144,10.748,105.8428,105.684,44.1948,1.1272,129.6928,124.2952,33.2776,127.4176,120.334,123.526,5.8556,232.4352,105.8396,35.1164,67.076,74.2
1.5088,1.1944,9.3836,25.076,33.326,38.5448,2.1704,131.1416,127.3384,31.4728,131.128,122.3964,120.5224,229.1704,9.3836,101.99,89.1816,38.552,1.1568,129.5592,124.9012,31.4808,126.0452,123.286,120.5168,5.2296,210.4132,101.9884,31.8968,55.0296,74.2
1.0512,1.088,8.8776,29.6292,34.5076,40.3188,1.9344,130.9888,127.1168,33.722,130.8,124.0912,119.3632,232.0884,8.8776,106.3152,67.8124,40.3188,1.0108,129.7424,125.0552,33.7772,127.4344,123.4184,119.3632,4.8936,214.3068,106.3024,35.0348,39.2868,74.8
0.7116,6.8088,19.8964,20.84,32.232,40.7264,6.6412,134.5724,123.0464,29.7104,133.2304,120.1424,110.4572,246.4504,19.8964,102.5552,124.6288,40.7264,5.0636,128.5824,121.3316,29.8328,125.7948,120.6756,110.4404,10.312,238.9704,102.5552,30.9576,83.1376,86.46666667
0.9424,8.2932,25.9784,25.9908,33.374,41.568,8.136,136.7952,121.8064,32.0804,132.3796,122.6128,111.3084,246.1728,25.9784,105.7124,95.2312,41.568,6.2872,129.9104,117.5716,31.9748,127.3736,121.4388,111.2688,13.7248,238.4532,105.676,33.8548,59.2224,87.7
0.672,6.9372,22.5204,19.9912,32.6184,39.6256,6.8676,135.782,122.7728,29.632,132.5376,119.49,111.5444,247.78,22.5204,100.8956,127.184,39.6256,5.2436,129.4632,119.5868,29.9404,124.9336,121.5796,111.4996,11.6936,241.6272,100.8956,30.0168,85.7436,86.8
0.7728,8.0916,24.2616,30.2208,35.352,41.0232,7.7824,136.1504,121.9896,34.4912,130.858,124.0016,110.758,247.4096,24.2616,105.5692,67.0484,41.0232,6.0576,129.2672,118.8008,34.7524,127.4528,123.5072,110.7416,12.7448,240.7688,105.5568,35.6516,38.9624,87.36666667
0.742,16.1444,36.2676,25.3796,34.2972,41.358,13.796,138.7972,116.7992,32.3508,132.0252,121.8604,106.8236,250.0496,36.2676,103.388,98.7216,41.358,11.6452,129.5544,113.0668,32.7144,126.346,122.0048,107.07,18.4984,245.7196,103.388,33.4424,61.9044,98.33333333
1.154,18.1768,35.022,24.8748,34.866,41.8956,15.02,137.6208,116.112,32.7004,132.1936,121.1596,104.8252,247.0348,35.022,102.1764,102.99,41.8956,12.8956,128.2056,114.6928,33.2736,125.9096,121.9364,104.8252,18.1176,239.9756,102.1688,33.4864,65.2184,99.36666667
1.2244,17.792,37.3152,27.2084,37.8068,42.99,15.042,138.676,116.15,35.194,131.4308,120.9496,106.1244,247.1892,37.3152,100.0,93.6908,42.99,12.8532,129.538,112.9124,36.5664,124.9332,123.1708,106.1268,19.2528,240.1868,100.0,35.1828,58.1,98.7
0.996,16.6416,35.5784,24.4468,33.5556,41.0816,14.1304,138.2924,116.7028,31.6468,132.2584,121.7752,106.3276,248.1452,35.5784,103.3936,103.4,41.0908,11.8968,129.06,113.6884,31.8256,126.4208,121.6896,106.384,18.2864,242.1044,103.392,32.8776,65.2988,100.6
5.1852,2.6804,0.5332,27.4612,35.1576,42.5288,3.1688,126.8084,130.0036,33.7748,132.0516,122.3972,15.2308,231.4708,5.2012,104.832,89.0048,42.5288,1.8404,128.3576,129.416,34.1928,126.8848,122.0636,15.2004,2.9008,219.2096,104.8184,35.0432,55.2172,61.3
1.3008,3.262,1.2292,23.9368,34.8296,41.8304,2.3,127.5096,127.0008,32.244,132.3164,120.72,61.2316,206.2696,3.2668,101.7656,109.0592,41.8304,1.9588,126.4824,129.154,32.9724,125.5676,121.8016,61.2308,2.1676,187.378,101.7656,32.9532,69.798,61.73333333
3.8796,2.8428,0.4304,27.474,35.624,39.75,2.904,126.8928,128.9612,33.7208,130.6332,122.56,24.5864,233.0948,4.0668,99.9408,78.4436,39.7704,1.8424,127.9712,129.386,34.276,125.654,124.1428,24.51,2.2428,221.658,99.9408,33.7036,46.9444,61.06666667
2.7904,2.376,1.0944,23.6028,32.1776,36.7156,2.3808,127.4444,128.4096,30.1108,130.8096,122.2724,20.6192,162.2572,2.8984,100.452,91.6528,36.7188,1.5052,127.96,128.7528,29.8588,125.6492,123.6736,20.6192,1.9308,146.0884,100.4448,30.2856,56.5916,61.46666667
2.3016,0.826,8.4628,28.8088,35.308,43.7528,2.106,130.7596,128.1956,34.4504,132.24,123.0912,124.6516,228.7924,8.4644,106.888,86.9852,43.7528,1.216,129.3096,125.4316,34.7236,127.6164,121.5216,124.6492,4.722,211.856,106.8864,36.3672,52.7408,73.3
1.3104,0.7872,8.028,28.9612,34.6176,41.9424,1.7392,130.7052,127.5712,33.8536,131.608,123.5952,122.1552,236.5592,8.028,107.5452,78.304,41.9424,0.9424,129.2608,125.4192,33.98,127.6184,122.3076,122.1552,4.3472,223.5712,107.4948,35.5036,47.2296,74.06666667
1.7176,1.2864,6.2632,28.288,35.7144,40.648,1.9,130.0016,127.8176,34.1636,130.8592,122.8528,120.7424,217.1496,6.2632,101.7776,77.3592,40.6672,0.9928,129.2672,126.0224,34.6412,126.2144,123.6912,120.7424,3.5576,196.4712,101.7776,34.5312,46.1084,72.8
2.7376,0.7444,7.0176,26.214,35.5428,43.3168,2.0476,130.2632,128.69,33.5932,132.5016,121.5524,128.79,224.2692,7.0512,103.4744,100.274,43.3168,1.0516,129.388,125.8124,34.3172,126.3924,121.5648,128.7884,3.8896,207.1888,103.4744,34.8344,63.0552,73.4
0.5084,5.6248,17.5508,23.6728,34.622,42.3576,5.4724,133.8944,123.612,32.1836,132.6936,120.5728,111.196,247.7768,17.5508,102.4944,112.7024,42.3576,3.9192,128.7928,122.4232,32.8008,125.8348,121.2948,110.9364,8.9884,241.7116,102.4944,33.1112,73.3372,84.5
0.7832,3.494,18.8656,26.4848,33.2656,39.9488,4.4752,135.1392,124.3144,32.2176,131.3744,123.0944,115.5004,244.952,18.8656,105.0328,86.3652,39.9488,2.5732,129.9192,120.8188,31.8972,127.0928,122.5888,115.4468,9.8536,236.3688,105.0072,33.35,52.204,84.73333333
0.942,4.3764,17.1824,31.3276,35.4268,41.5404,4.7716,134.0512,124.1752,34.9292,130.8432,124.5184,113.5988,242.1304,17.1824,108.192,62.6708,41.5404,3.02,129.4224,122.1344,35.186,127.8232,123.3588,113.3008,9.1328,231.4932,108.1152,36.4472,36.022,84.03333333
0.5624,5.0128,22.1704,27.1852,35.2252,42.7796,5.6392,136.0872,123.6048,33.7116,132.0636,122.368,113.7544,248.4768,22.1704,104.5128,92.7568,42.7796,4.0708,130.0016,119.3204,34.142,126.8716,121.8764,113.7296,11.44,242.9364,104.512,35.0452,57.1976,84.63333333
0.8864,15.7112,33.7552,28.0672,35.4464,40.168,13.3292,137.8364,117.1652,33.8656,130.752,122.9744,106.3192,248.5092,33.7552,101.4032,76.9896,40.1824,11.066,128.8264,114.5956,34.2668,126.156,123.8784,106.4372,17.39,242.7924,101.4032,34.2116,45.6,98.36666667
1.0244,13.5756,38.8264,27.888,36.0608,43.856,12.6764,140.7024,117.6448,34.4976,132.2016,122.3216,110.198,248.532,38.8264,104.6432,93.1768,43.856,10.5144,132.0096,110.358,35.1864,126.8108,121.7164,110.2024,19.9424,242.7808,104.6304,35.9388,57.2016,97.03333333
1.1264,13.7168,35.3488,30.6892,36.6848,45.98,12.3548,139.0512,117.9476,35.944,132.626,123.2464,108.8872,247.356,35.3488,108.4016,84.62,45.98,10.2208,130.428,112.7904,36.5716,128.1388,120.9752,108.928,18.262,240.756,108.3436,38.4196,51.2932,96.26666667
0.8136,14.368,34.7624,26.3176,36.1748,43.3636,12.644,138.6072,117.524,33.9624,132.2456,121.3408,108.0348,249.2244,34.7624,102.5632,100.2968,43.368,10.4808,129.6352,113.5032,34.8856,126.0356,121.8728,108.0728,17.7904,244.0616,102.5616,34.9104,62.9268,97.76666667
